{"vin": "VIN-751038", "timestamp": "2026-02-12T21:16:19.770924", "temp_moteur": 95.68956459810963, "vitesse": 77, "km_actuel": 78496, "pression_huile": 4.6158338328602415, "regime_moteur": 2242, "voltage_batterie": 12.298207120235443, "temps_0_100": 8.845033586929347, "conso_essence": 6.446146466555512, "pression_injection": 324.1335982673012}