{"vin": "VIN-751033", "timestamp": "2026-02-12T21:21:19.770924", "temp_moteur": 89.21614879282833, "vitesse": 71, "km_actuel": 56979, "pression_huile": 3.4287734095683833, "regime_moteur": 2948, "voltage_batterie": 14.333879486567147, "temps_0_100": 9.136742870623626, "conso_essence": 6.304294911924406, "pression_injection": 326.1535190512255}