{"vin": "VIN-751044", "timestamp": "2026-02-12T21:10:19.775879", "temp_moteur": 91.32270527429367, "vitesse": 97, "km_actuel": 234613, "pression_huile": 3.428958360435991, "regime_moteur": 1744, "voltage_batterie": 13.826540634167213, "temps_0_100": 10.667549594866744, "conso_essence": 10.43480103535781, "pression_injection": 275.8054282124589}