{"vin": "VIN-751024", "timestamp": "2026-02-12T21:30:19.764713", "temp_moteur": 85.15703959896258, "vitesse": 74, "km_actuel": 16715, "pression_huile": 3.182564199131259, "regime_moteur": 2396, "voltage_batterie": 13.530315454846255, "temps_0_100": 8.067950337556677, "conso_essence": 6.097757182673927, "pression_injection": 343.98812836646675}