{"vin": "VIN-751025", "timestamp": "2026-02-12T21:29:19.764713", "temp_moteur": 112.21263304026614, "vitesse": 91, "km_actuel": 58494, "pression_huile": 3.004918734062052, "regime_moteur": 4975, "voltage_batterie": 13.351640060530494, "temps_0_100": 13.755288195933685, "conso_essence": 12.083526589016515, "pression_injection": 250.32136904067931}