{"vin": "VIN-751022", "timestamp": "2026-02-12T21:32:19.764713", "temp_moteur": 97.46024108280783, "vitesse": 71, "km_actuel": 119711, "pression_huile": 3.7044565186407583, "regime_moteur": 1187, "voltage_batterie": 13.833125423919784, "temps_0_100": 8.408468849570532, "conso_essence": 7.430445544910098, "pression_injection": 316.820472078008}