{"vin": "VIN-751037", "timestamp": "2026-02-12T21:17:19.770924", "temp_moteur": 89.12855750084478, "vitesse": 103, "km_actuel": 71853, "pression_huile": 3.5145370072737885, "regime_moteur": 1488, "voltage_batterie": 12.831230800972904, "temps_0_100": 8.489561764766876, "conso_essence": 8.522775155733461, "pression_injection": 318.472925527619}