{"vin": "VIN-751021", "timestamp": "2026-02-12T21:33:19.762709", "temp_moteur": 90.2149263846851, "vitesse": 81, "km_actuel": 174454, "pression_huile": 4.867562738852127, "regime_moteur": 2809, "voltage_batterie": 12.516171861101597, "temps_0_100": 9.436681378985716, "conso_essence": 7.557173896761112, "pression_injection": 307.3860928020671}