{"vin": "VIN-751032", "timestamp": "2026-02-12T21:22:19.770924", "temp_moteur": 97.53059956961042, "vitesse": 97, "km_actuel": 48162, "pression_huile": 3.465792785620047, "regime_moteur": 2951, "voltage_batterie": 14.302234094434352, "temps_0_100": 8.864221039262981, "conso_essence": 6.020707997024441, "pression_injection": 324.46832262433287}