{"vin": "VIN-751006", "timestamp": "2026-02-12T21:48:19.756909", "temp_moteur": 96.21898735823754, "vitesse": 101, "km_actuel": 85115, "pression_huile": 4.56192465564996, "regime_moteur": 2356, "voltage_batterie": 14.295375078700975, "temps_0_100": 9.662201243044423, "conso_essence": 8.537940055649157, "pression_injection": 285.8765632376485}