{"vin": "VIN-751047", "timestamp": "2026-02-12T21:07:19.777889", "temp_moteur": 89.38831179599302, "vitesse": 80, "km_actuel": 12995, "pression_huile": 4.963740337956324, "regime_moteur": 1154, "voltage_batterie": 12.778581978657538, "temps_0_100": 8.487264520937117, "conso_essence": 8.295147297401478, "pression_injection": 337.9639351453924}