{"vin": "VIN-751001", "timestamp": "2026-02-12T21:53:19.753223", "temp_moteur": 87.82681756394163, "vitesse": 76, "km_actuel": 89178, "pression_huile": 4.009904106382392, "regime_moteur": 2296, "voltage_batterie": 13.51021526542803, "temps_0_100": 9.84997083347939, "conso_essence": 6.6147580153836145, "pression_injection": 316.58437989503517}