{"vin": "VIN-751014", "timestamp": "2026-02-12T21:40:19.760680", "temp_moteur": 85.4547836745493, "vitesse": 72, "km_actuel": 57548, "pression_huile": 3.066231070891998, "regime_moteur": 1282, "voltage_batterie": 13.196769375365765, "temps_0_100": 9.942708044276138, "conso_essence": 8.91893430013735, "pression_injection": 295.17540364334417}