{"vin": "VIN-751003", "timestamp": "2026-02-12T21:51:19.754728", "temp_moteur": 114.44284006518717, "vitesse": 84, "km_actuel": 171668, "pression_huile": 2.4270004769442926, "regime_moteur": 2696, "voltage_batterie": 12.81294787798947, "temps_0_100": 15.674358964050771, "conso_essence": 13.93631879632886, "pression_injection": 270.52453960054356}