{"vin": "VIN-751028", "timestamp": "2026-02-12T21:26:19.767789", "temp_moteur": 99.32392109084493, "vitesse": 71, "km_actuel": 54426, "pression_huile": 3.6012318172836126, "regime_moteur": 1184, "voltage_batterie": 13.507732367628424, "temps_0_100": 9.850640573244066, "conso_essence": 8.494475565420155, "pression_injection": 289.7469993381498}