{"vin": "VIN-751000", "timestamp": "2026-02-12T21:54:19.753223", "temp_moteur": 94.63168191047002, "vitesse": 101, "km_actuel": 153055, "pression_huile": 3.9152805870171177, "regime_moteur": 1332, "voltage_batterie": 12.849474963992904, "temps_0_100": 9.183627461082441, "conso_essence": 6.3256319478477865, "pression_injection": 295.63191486025187}