{"vin": "VIN-751018", "timestamp": "2026-02-12T21:36:19.762709", "temp_moteur": 93.09118108361503, "vitesse": 106, "km_actuel": 24013, "pression_huile": 3.2568786688596814, "regime_moteur": 2903, "voltage_batterie": 13.557681230419437, "temps_0_100": 8.732022788699608, "conso_essence": 6.250252618680355, "pression_injection": 330.0881668878896}