{"vin": "VIN-751007", "timestamp": "2026-02-12T21:47:19.756909", "temp_moteur": 94.86731678338404, "vitesse": 82, "km_actuel": 97724, "pression_huile": 4.116606100159778, "regime_moteur": 1342, "voltage_batterie": 14.045993819770802, "temps_0_100": 8.894980406957968, "conso_essence": 7.009106815699089, "pression_injection": 317.21256402024557}