{"vin": "VIN-751023", "timestamp": "2026-02-12T21:31:19.764713", "temp_moteur": 94.94899894596314, "vitesse": 73, "km_actuel": 182250, "pression_huile": 4.081337840562207, "regime_moteur": 2924, "voltage_batterie": 11.11402665808334, "temps_0_100": 11.185142319932686, "conso_essence": 11.944413826656248, "pression_injection": 277.5301529680769}