{"vin": "VIN-751035", "timestamp": "2026-02-12T21:19:19.770924", "temp_moteur": 94.91786918513324, "vitesse": 100, "km_actuel": 22777, "pression_huile": 3.150050352268007, "regime_moteur": 2290, "voltage_batterie": 13.862707345739803, "temps_0_100": 9.811052343734273, "conso_essence": 6.212922703783484, "pression_injection": 292.7517518734882}