{"vin": "VIN-751027", "timestamp": "2026-02-12T21:27:19.766717", "temp_moteur": 91.81454381954566, "vitesse": 97, "km_actuel": 115678, "pression_huile": 3.40712429190075, "regime_moteur": 1176, "voltage_batterie": 12.756410197241125, "temps_0_100": 9.090207831452037, "conso_essence": 8.3499148609029, "pression_injection": 284.445610608581}