{"vin": "VIN-751008", "timestamp": "2026-02-12T21:46:19.756909", "temp_moteur": 85.82975267585974, "vitesse": 73, "km_actuel": 59164, "pression_huile": 4.853171337296372, "regime_moteur": 2838, "voltage_batterie": 13.109832724413973, "temps_0_100": 8.77021404505969, "conso_essence": 8.227835859039942, "pression_injection": 318.80493111222154}