{"vin": "VIN-751012", "timestamp": "2026-02-12T21:42:19.760680", "temp_moteur": 92.31383253697273, "vitesse": 80, "km_actuel": 59020, "pression_huile": 4.151253137268536, "regime_moteur": 3220, "voltage_batterie": 13.033409496801761, "temps_0_100": 12.25171182304935, "conso_essence": 14.646543340397209, "pression_injection": 241.00779748922355}