{"vin": "VIN-751049", "timestamp": "2026-02-12T21:05:19.777889", "temp_moteur": 94.10340646806938, "vitesse": 71, "km_actuel": 219842, "pression_huile": 2.542895287327548, "regime_moteur": 2170, "voltage_batterie": 12.302672349865443, "temps_0_100": 10.031830189261669, "conso_essence": 9.387579901296483, "pression_injection": 308.11071002121696}