{"vin": "VIN-751020", "timestamp": "2026-02-12T21:34:19.762709", "temp_moteur": 97.57540228936085, "vitesse": 82, "km_actuel": 86299, "pression_huile": 3.1030643501142463, "regime_moteur": 2356, "voltage_batterie": 12.195004386508575, "temps_0_100": 11.93090738517326, "conso_essence": 15.712930944497415, "pression_injection": 242.4957223129121}