{"vin": "VIN-751042", "timestamp": "2026-02-12T21:12:19.770924", "temp_moteur": 100.28551124222227, "vitesse": 79, "km_actuel": 181095, "pression_huile": 2.6490643800621707, "regime_moteur": 5057, "voltage_batterie": 13.697013669642951, "temps_0_100": 13.335085708852256, "conso_essence": 12.883146926698526, "pression_injection": 279.7944202606475}