{"vin": "VIN-751031", "timestamp": "2026-02-12T21:23:19.768516", "temp_moteur": 99.76338895895418, "vitesse": 78, "km_actuel": 61507, "pression_huile": 3.8706479955553954, "regime_moteur": 2598, "voltage_batterie": 12.434133282708208, "temps_0_100": 9.785350510083575, "conso_essence": 8.496059541817367, "pression_injection": 307.38611609257924}