{"vin": "VIN-751010", "timestamp": "2026-02-12T21:44:19.758916", "temp_moteur": 116.29335022282189, "vitesse": 77, "km_actuel": 220682, "pression_huile": 2.229261662027364, "regime_moteur": 4224, "voltage_batterie": 13.571489067809402, "temps_0_100": 14.597223942450753, "conso_essence": 12.012889507005445, "pression_injection": 326.45172192398104}