{"vin": "VIN-751011", "timestamp": "2026-02-12T21:43:19.759762", "temp_moteur": 90.28991768828232, "vitesse": 105, "km_actuel": 146309, "pression_huile": 4.993184380556516, "regime_moteur": 2949, "voltage_batterie": 13.345355065806022, "temps_0_100": 8.59134253539969, "conso_essence": 6.072432597283867, "pression_injection": 321.4122900005574}