{"vin": "VIN-751046", "timestamp": "2026-02-12T21:08:19.777889", "temp_moteur": 88.45776816124481, "vitesse": 70, "km_actuel": 160120, "pression_huile": 3.2370472385887115, "regime_moteur": 2206, "voltage_batterie": 13.113801336389985, "temps_0_100": 9.602965344787163, "conso_essence": 7.705688358187101, "pression_injection": 313.92802506971395}