{"vin": "VIN-751036", "timestamp": "2026-02-12T21:18:19.770924", "temp_moteur": 91.80163678231864, "vitesse": 89, "km_actuel": 151553, "pression_huile": 4.382310874252125, "regime_moteur": 2499, "voltage_batterie": 14.35696689154309, "temps_0_100": 8.513617390079224, "conso_essence": 7.445791551158188, "pression_injection": 341.586148092656}