{"vin": "VIN-751005", "timestamp": "2026-02-12T21:49:19.756909", "temp_moteur": 91.77799256204894, "vitesse": 107, "km_actuel": 165937, "pression_huile": 3.6736978868729517, "regime_moteur": 1284, "voltage_batterie": 13.82145216714098, "temps_0_100": 8.057401625959953, "conso_essence": 6.897707644411963, "pression_injection": 283.1524471417798}