{"vin": "VIN-751030", "timestamp": "2026-02-12T21:24:19.768516", "temp_moteur": 98.96002926707646, "vitesse": 102, "km_actuel": 49973, "pression_huile": 4.9795061504768015, "regime_moteur": 1677, "voltage_batterie": 14.461074749372827, "temps_0_100": 8.740009161348867, "conso_essence": 7.578770407518495, "pression_injection": 331.9944790801978}