{"vin": "VIN-751015", "timestamp": "2026-02-12T21:39:19.760680", "temp_moteur": 97.49658290610914, "vitesse": 75, "km_actuel": 141743, "pression_huile": 3.065579847660204, "regime_moteur": 2676, "voltage_batterie": 13.897223005625692, "temps_0_100": 9.2803195235776, "conso_essence": 6.173507340424342, "pression_injection": 347.3091022106148}