{"vin": "VIN-751029", "timestamp": "2026-02-12T21:25:19.768516", "temp_moteur": 95.62763119644615, "vitesse": 98, "km_actuel": 195974, "pression_huile": 3.9599376057251083, "regime_moteur": 2536, "voltage_batterie": 13.691001181438994, "temps_0_100": 10.475196828261112, "conso_essence": 8.173039460069294, "pression_injection": 298.7759107625721}