{"vin": "VIN-751017", "timestamp": "2026-02-12T21:37:19.762709", "temp_moteur": 104.80519387720297, "vitesse": 95, "km_actuel": 52398, "pression_huile": 4.1882774183491955, "regime_moteur": 3285, "voltage_batterie": 12.892008766242524, "temps_0_100": 11.975016125254712, "conso_essence": 15.834943262870818, "pression_injection": 233.64929216832957}