{"vin": "VIN-751040", "timestamp": "2026-02-12T21:14:19.770924", "temp_moteur": 90.63881196900482, "vitesse": 96, "km_actuel": 176996, "pression_huile": 2.8466859445855555, "regime_moteur": 1935, "voltage_batterie": 11.602854922320494, "temps_0_100": 11.402275552746998, "conso_essence": 8.403480851817068, "pression_injection": 288.69725121063254}