{"vin": "VIN-751041", "timestamp": "2026-02-12T21:13:19.770924", "temp_moteur": 98.0908904592733, "vitesse": 94, "km_actuel": 20105, "pression_huile": 3.474611358423372, "regime_moteur": 2427, "voltage_batterie": 13.948841743393755, "temps_0_100": 8.687142838524554, "conso_essence": 6.43917898038376, "pression_injection": 311.1084742735927}