{"vin": "VIN-751016", "timestamp": "2026-02-12T21:38:19.760680", "temp_moteur": 97.90314889038608, "vitesse": 73, "km_actuel": 41009, "pression_huile": 4.149084371982735, "regime_moteur": 1029, "voltage_batterie": 14.07936994424503, "temps_0_100": 8.694030870918443, "conso_essence": 6.886288511396952, "pression_injection": 325.58714737392756}