{"vin": "VIN-751009", "timestamp": "2026-02-12T21:45:19.756909", "temp_moteur": 97.26335667958007, "vitesse": 106, "km_actuel": 43378, "pression_huile": 4.1712087810550695, "regime_moteur": 1213, "voltage_batterie": 13.891346743490743, "temps_0_100": 8.232120710346626, "conso_essence": 7.3745822344814425, "pression_injection": 314.769601390246}