{"vin": "VIN-751019", "timestamp": "2026-02-12T21:35:19.762709", "temp_moteur": 87.37095142986173, "vitesse": 85, "km_actuel": 17762, "pression_huile": 4.568600917347786, "regime_moteur": 1582, "voltage_batterie": 13.13117077976163, "temps_0_100": 9.868892686572543, "conso_essence": 8.551409978726888, "pression_injection": 285.15301984769064}