{"vin": "VIN-751048", "timestamp": "2026-02-12T21:06:19.777889", "temp_moteur": 90.27150110524873, "vitesse": 99, "km_actuel": 161519, "pression_huile": 3.4487857191102402, "regime_moteur": 1710, "voltage_batterie": 12.445314149878211, "temps_0_100": 8.606174638322758, "conso_essence": 8.613592625597121, "pression_injection": 313.5666698728538}