{"vin": "VIN-751043", "timestamp": "2026-02-12T21:11:19.775879", "temp_moteur": 87.47049524874983, "vitesse": 76, "km_actuel": 156262, "pression_huile": 4.978773077198992, "regime_moteur": 1878, "voltage_batterie": 13.034957702396348, "temps_0_100": 9.090079770184497, "conso_essence": 7.05894803418189, "pression_injection": 346.79122274963}