{"vin": "VIN-751004", "timestamp": "2026-02-12T21:50:19.754728", "temp_moteur": 92.88467518066146, "vitesse": 70, "km_actuel": 156846, "pression_huile": 4.959506516516836, "regime_moteur": 2931, "voltage_batterie": 12.267259409705302, "temps_0_100": 8.54201463797328, "conso_essence": 6.108630345746958, "pression_injection": 324.95549812465055}