{"vin": "VIN-751002", "timestamp": "2026-02-12T21:52:19.754728", "temp_moteur": 93.12958339654315, "vitesse": 93, "km_actuel": 129179, "pression_huile": 3.073749933863863, "regime_moteur": 957, "voltage_batterie": 11.547168929476443, "temps_0_100": 10.050539832502608, "conso_essence": 8.144675687010686, "pression_injection": 312.4065702628098}