{"vin": "VIN-751034", "timestamp": "2026-02-12T21:20:19.770924", "temp_moteur": 124.85513245445756, "vitesse": 99, "km_actuel": 69989, "pression_huile": 2.00531372508433, "regime_moteur": 4459, "voltage_batterie": 12.001318186367573, "temps_0_100": 15.780311723742805, "conso_essence": 13.821846905392826, "pression_injection": 308.2866523981349}