{"vin": "VIN-751045", "timestamp": "2026-02-12T21:09:19.775879", "temp_moteur": 94.09523549153458, "vitesse": 87, "km_actuel": 152365, "pression_huile": 3.3761802359579836, "regime_moteur": 2584, "voltage_batterie": 13.93631425503217, "temps_0_100": 8.263396302401011, "conso_essence": 8.337527671993874, "pression_injection": 318.9920398701224}