{"vin": "VIN-751026", "timestamp": "2026-02-12T21:28:19.764713", "temp_moteur": 97.92878753599308, "vitesse": 81, "km_actuel": 61153, "pression_huile": 2.9903795792022527, "regime_moteur": 4743, "voltage_batterie": 12.020384070723548, "temps_0_100": 14.718375840363057, "conso_essence": 12.650674123177374, "pression_injection": 317.20165421730326}