{"vin": "VIN-751013", "timestamp": "2026-02-12T21:41:19.760680", "temp_moteur": 90.48691929760972, "vitesse": 78, "km_actuel": 107086, "pression_huile": 3.298815653676724, "regime_moteur": 1484, "voltage_batterie": 11.877484781362165, "temps_0_100": 9.756301773054854, "conso_essence": 9.841529548644129, "pression_injection": 276.4428856366063}