{"vin": "VIN-751039", "timestamp": "2026-02-12T21:15:19.770924", "temp_moteur": 87.93967305455105, "vitesse": 80, "km_actuel": 118255, "pression_huile": 4.730679905773851, "regime_moteur": 1588, "voltage_batterie": 12.298849367407614, "temps_0_100": 8.05719218817051, "conso_essence": 8.337824655417098, "pression_injection": 301.06045646154485}